sg_uf;cd_cargo;ds_cargo;nr_candidato;nm_candidato;nm_urna_candidato;sg_partido;ds_composicao_coligacao;nr_turno;ds_sit_totalizacao;dt_ult_totalizacao;sg_ue;sq_candidato;nm_tipo_destinacao_votos;sq_eleicao_divulga;aa_eleicao;pc_votos_validos;qt_votos_nom_validos;qt_votos_concorrentes
AC;1;Presidente;22;JAIR MESSIAS BOLSONARO;JAIR BOLSONARO;PL;PP / REPUBLICANOS / PL;1;Segundo turno;2022-10-04 12:06:36;BR;280001618036;Válido;2040602022;2022;0,625;275582;440917
AC;1;Presidente;13;LUIZ INÁCIO LULA DA SILVA;LULA;PT;Federação Brasil da Esperança - FE BRASIL(PT/PC do B/PV) / SOLIDARIEDADE / Federação PSOL REDE(PSOL/REDE) / PSB / AGIR / AVANTE / PROS;1;Segundo turno;2022-10-04 12:06:36;BR;280001607829;Válido;2040602022;2022;0,2926;129022;440917
AC;1;Presidente;15;SIMONE NASSAR TEBET;SIMONE TEBET;MDB;MDB / Federação PSDB Cidadania(PSDB/CIDADANIA) / PODE;1;Não Eleito;2022-10-04 12:06:36;BR;280001607833;Válido;2040602022;2022;0,0456;20122;440917
AC;1;Presidente;12;CIRO FERREIRA GOMES;CIRO GOMES;PDT;PDT;1;Não Eleito;2022-10-04 12:06:36;BR;280001612393;Válido;2040602022;2022;0,0279;12314;440917
AC;1;Presidente;44;SORAYA VIEIRA THRONICKE;SORAYA THRONICKE;UNIÃO;UNIÃO;1;Não Eleito;2022-10-04 12:06:36;BR;280001644128;Válido;2040602022;2022;0,0055;2444;440917
AC;1;Presidente;30;LUIZ FELIPE CHAVES D'AVILA;FELIPE D'AVILA;NOVO;NOVO;1;Não Eleito;2022-10-04 12:06:36;BR;280001603612;Válido;2040602022;2022;0,0019;825;440917
AC;1;Presidente;14;KELMON LUIS DA SILVA SOUZA;PADRE KELMON;PTB;PTB;1;Não Eleito;2022-10-04 12:06:36;BR;280001734029;Válido;2040602022;2022;0,0006;279;440917
AC;1;Presidente;21;SOFIA PADUA MANZANO;SOFIA MANZANO;PCB;PCB;1;Não Eleito;2022-10-04 12:06:36;BR;280001600167;Válido;2040602022;2022;0,0003;144;440917
AC;1;Presidente;16;VERA LUCIA PEREIRA DA SILVA SALGADO;VERA;PSTU;PSTU;1;Não Eleito;2022-10-04 12:06:36;BR;280001607831;Válido;2040602022;2022;0,0002;77;440917
AC;1;Presidente;80;LEONARDO PÉRICLES VIEIRA ROQUE;LÉO PÉRICLES;UP;UP;1;Não Eleito;2022-10-04 12:06:36;BR;280001602702;Válido;2040602022;2022;0,0001;64;440917
AC;1;Presidente;27;JOSE MARIA EYMAEL;CONSTITUINTE EYMAEL;DC;DC;1;Não Eleito;2022-10-04 12:06:36;BR;280001677435;Válido;2040602022;2022;0,0001;44;440917
AL;1;Presidente;13;LUIZ INÁCIO LULA DA SILVA;LULA;PT;Federação Brasil da Esperança - FE BRASIL(PT/PC do B/PV) / SOLIDARIEDADE / Federação PSOL REDE(PSOL/REDE) / PSB / AGIR / AVANTE / PROS;1;Segundo turno;2022-10-04 12:06:36;BR;280001607829;Válido;2040602022;2022;0,565;974156;1724217
AL;1;Presidente;22;JAIR MESSIAS BOLSONARO;JAIR BOLSONARO;PL;PP / REPUBLICANOS / PL;1;Segundo turno;2022-10-04 12:06:36;BR;280001618036;Válido;2040602022;2022;0,3605;621515;1724217
AL;1;Presidente;15;SIMONE NASSAR TEBET;SIMONE TEBET;MDB;MDB / Federação PSDB Cidadania(PSDB/CIDADANIA) / PODE;1;Não Eleito;2022-10-04 12:06:36;BR;280001607833;Válido;2040602022;2022;0,0391;67411;1724217
AL;1;Presidente;12;CIRO FERREIRA GOMES;CIRO GOMES;PDT;PDT;1;Não Eleito;2022-10-04 12:06:36;BR;280001612393;Válido;2040602022;2022;0,0253;43542;1724217
AL;1;Presidente;44;SORAYA VIEIRA THRONICKE;SORAYA THRONICKE;UNIÃO;UNIÃO;1;Não Eleito;2022-10-04 12:06:36;BR;280001644128;Válido;2040602022;2022;0,0062;10683;1724217
AL;1;Presidente;14;KELMON LUIS DA SILVA SOUZA;PADRE KELMON;PTB;PTB;1;Não Eleito;2022-10-04 12:06:36;BR;280001734029;Válido;2040602022;2022;0,0018;3020;1724217
AL;1;Presidente;30;LUIZ FELIPE CHAVES D'AVILA;FELIPE D'AVILA;NOVO;NOVO;1;Não Eleito;2022-10-04 12:06:36;BR;280001603612;Válido;2040602022;2022;0,0014;2450;1724217
AL;1;Presidente;21;SOFIA PADUA MANZANO;SOFIA MANZANO;PCB;PCB;1;Não Eleito;2022-10-04 12:06:36;BR;280001600167;Válido;2040602022;2022;0,0003;494;1724217
AL;1;Presidente;80;LEONARDO PÉRICLES VIEIRA ROQUE;LÉO PÉRICLES;UP;UP;1;Não Eleito;2022-10-04 12:06:36;BR;280001602702;Válido;2040602022;2022;0,0003;482;1724217
AL;1;Presidente;16;VERA LUCIA PEREIRA DA SILVA SALGADO;VERA;PSTU;PSTU;1;Não Eleito;2022-10-04 12:06:36;BR;280001607831;Válido;2040602022;2022;0,0002;325;1724217
AL;1;Presidente;27;JOSE MARIA EYMAEL;CONSTITUINTE EYMAEL;DC;DC;1;Não Eleito;2022-10-04 12:06:36;BR;280001677435;Válido;2040602022;2022;0,0001;139;1724217
AM;1;Presidente;13;LUIZ INÁCIO LULA DA SILVA;LULA;PT;Federação Brasil da Esperança - FE BRASIL(PT/PC do B/PV) / SOLIDARIEDADE / Federação PSOL REDE(PSOL/REDE) / PSB / AGIR / AVANTE / PROS;1;Segundo turno;2022-10-04 12:06:36;BR;280001607829;Válido;2040602022;2022;0,4958;1019684;2056676
AM;1;Presidente;22;JAIR MESSIAS BOLSONARO;JAIR BOLSONARO;PL;PP / REPUBLICANOS / PL;1;Segundo turno;2022-10-04 12:06:36;BR;280001618036;Válido;2040602022;2022;0,428;880198;2056676
AM;1;Presidente;15;SIMONE NASSAR TEBET;SIMONE TEBET;MDB;MDB / Federação PSDB Cidadania(PSDB/CIDADANIA) / PODE;1;Não Eleito;2022-10-04 12:06:36;BR;280001607833;Válido;2040602022;2022;0,0423;87060;2056676
AM;1;Presidente;12;CIRO FERREIRA GOMES;CIRO GOMES;PDT;PDT;1;Não Eleito;2022-10-04 12:06:36;BR;280001612393;Válido;2040602022;2022;0,0216;44527;2056676
AM;1;Presidente;44;SORAYA VIEIRA THRONICKE;SORAYA THRONICKE;UNIÃO;UNIÃO;1;Não Eleito;2022-10-04 12:06:36;BR;280001644128;Válido;2040602022;2022;0,0083;17002;2056676
AM;1;Presidente;30;LUIZ FELIPE CHAVES D'AVILA;FELIPE D'AVILA;NOVO;NOVO;1;Não Eleito;2022-10-04 12:06:36;BR;280001603612;Válido;2040602022;2022;0,0025;5212;2056676
AM;1;Presidente;14;KELMON LUIS DA SILVA SOUZA;PADRE KELMON;PTB;PTB;1;Não Eleito;2022-10-04 12:06:36;BR;280001734029;Válido;2040602022;2022;0,0007;1373;2056676
AM;1;Presidente;80;LEONARDO PÉRICLES VIEIRA ROQUE;LÉO PÉRICLES;UP;UP;1;Não Eleito;2022-10-04 12:06:36;BR;280001602702;Válido;2040602022;2022;0,0002;484;2056676
AM;1;Presidente;21;SOFIA PADUA MANZANO;SOFIA MANZANO;PCB;PCB;1;Não Eleito;2022-10-04 12:06:36;BR;280001600167;Válido;2040602022;2022;0,0002;476;2056676
AM;1;Presidente;16;VERA LUCIA PEREIRA DA SILVA SALGADO;VERA;PSTU;PSTU;1;Não Eleito;2022-10-04 12:06:36;BR;280001607831;Válido;2040602022;2022;0,0002;393;2056676
AM;1;Presidente;27;JOSE MARIA EYMAEL;CONSTITUINTE EYMAEL;DC;DC;1;Não Eleito;2022-10-04 12:06:36;BR;280001677435;Válido;2040602022;2022;0,0001;267;2056676
AP;1;Presidente;13;LUIZ INÁCIO LULA DA SILVA;LULA;PT;Federação Brasil da Esperança - FE BRASIL(PT/PC do B/PV) / SOLIDARIEDADE / Federação PSOL REDE(PSOL/REDE) / PSB / AGIR / AVANTE / PROS;1;Segundo turno;2022-10-04 12:06:36;BR;280001607829;Válido;2040602022;2022;0,4567;197382;432161
AP;1;Presidente;22;JAIR MESSIAS BOLSONARO;JAIR BOLSONARO;PL;PP / REPUBLICANOS / PL;1;Segundo turno;2022-10-04 12:06:36;BR;280001618036;Válido;2040602022;2022;0,4341;187621;432161
AP;1;Presidente;15;SIMONE NASSAR TEBET;SIMONE TEBET;MDB;MDB / Federação PSDB Cidadania(PSDB/CIDADANIA) / PODE;1;Não Eleito;2022-10-04 12:06:36;BR;280001607833;Válido;2040602022;2022;0,0636;27497;432161
AP;1;Presidente;12;CIRO FERREIRA GOMES;CIRO GOMES;PDT;PDT;1;Não Eleito;2022-10-04 12:06:36;BR;280001612393;Válido;2040602022;2022;0,0339;14670;432161
AP;1;Presidente;44;SORAYA VIEIRA THRONICKE;SORAYA THRONICKE;UNIÃO;UNIÃO;1;Não Eleito;2022-10-04 12:06:36;BR;280001644128;Válido;2040602022;2022;0,0068;2955;432161
AP;1;Presidente;30;LUIZ FELIPE CHAVES D'AVILA;FELIPE D'AVILA;NOVO;NOVO;1;Não Eleito;2022-10-04 12:06:36;BR;280001603612;Válido;2040602022;2022;0,0029;1236;432161
AP;1;Presidente;14;KELMON LUIS DA SILVA SOUZA;PADRE KELMON;PTB;PTB;1;Não Eleito;2022-10-04 12:06:36;BR;280001734029;Válido;2040602022;2022;0,0008;359;432161
AP;1;Presidente;16;VERA LUCIA PEREIRA DA SILVA SALGADO;VERA;PSTU;PSTU;1;Não Eleito;2022-10-04 12:06:36;BR;280001607831;Válido;2040602022;2022;0,0003;144;432161
AP;1;Presidente;21;SOFIA PADUA MANZANO;SOFIA MANZANO;PCB;PCB;1;Não Eleito;2022-10-04 12:06:36;BR;280001600167;Válido;2040602022;2022;0,0003;130;432161
AP;1;Presidente;80;LEONARDO PÉRICLES VIEIRA ROQUE;LÉO PÉRICLES;UP;UP;1;Não Eleito;2022-10-04 12:06:36;BR;280001602702;Válido;2040602022;2022;0,0002;105;432161
AP;1;Presidente;27;JOSE MARIA EYMAEL;CONSTITUINTE EYMAEL;DC;DC;1;Não Eleito;2022-10-04 12:06:36;BR;280001677435;Válido;2040602022;2022;0,0001;62;432161
BA;1;Presidente;13;LUIZ INÁCIO LULA DA SILVA;LULA;PT;Federação Brasil da Esperança - FE BRASIL(PT/PC do B/PV) / SOLIDARIEDADE / Federação PSOL REDE(PSOL/REDE) / PSB / AGIR / AVANTE / PROS;1;Segundo turno;2022-10-04 12:06:36;BR;280001607829;Válido;2040602022;2022;0,6973;5873081;8423008
BA;1;Presidente;22;JAIR MESSIAS BOLSONARO;JAIR BOLSONARO;PL;PP / REPUBLICANOS / PL;1;Segundo turno;2022-10-04 12:06:36;BR;280001618036;Válido;2040602022;2022;0,2431;2047599;8423008
BA;1;Presidente;12;CIRO FERREIRA GOMES;CIRO GOMES;PDT;PDT;1;Não Eleito;2022-10-04 12:06:36;BR;280001612393;Válido;2040602022;2022;0,0258;217224;8423008
BA;1;Presidente;15;SIMONE NASSAR TEBET;SIMONE TEBET;MDB;MDB / Federação PSDB Cidadania(PSDB/CIDADANIA) / PODE;1;Não Eleito;2022-10-04 12:06:36;BR;280001607833;Válido;2040602022;2022;0,0234;197305;8423008
BA;1;Presidente;44;SORAYA VIEIRA THRONICKE;SORAYA THRONICKE;UNIÃO;UNIÃO;1;Não Eleito;2022-10-04 12:06:36;BR;280001644128;Válido;2040602022;2022;0,0077;65046;8423008
BA;1;Presidente;30;LUIZ FELIPE CHAVES D'AVILA;FELIPE D'AVILA;NOVO;NOVO;1;Não Eleito;2022-10-04 12:06:36;BR;280001603612;Válido;2040602022;2022;0,0014;11605;8423008
BA;1;Presidente;14;KELMON LUIS DA SILVA SOUZA;PADRE KELMON;PTB;PTB;1;Não Eleito;2022-10-04 12:06:36;BR;280001734029;Válido;2040602022;2022;0,0006;4898;8423008
BA;1;Presidente;21;SOFIA PADUA MANZANO;SOFIA MANZANO;PCB;PCB;1;Não Eleito;2022-10-04 12:06:36;BR;280001600167;Válido;2040602022;2022;0,0003;2423;8423008
BA;1;Presidente;80;LEONARDO PÉRICLES VIEIRA ROQUE;LÉO PÉRICLES;UP;UP;1;Não Eleito;2022-10-04 12:06:36;BR;280001602702;Válido;2040602022;2022;0,0002;1926;8423008
BA;1;Presidente;16;VERA LUCIA PEREIRA DA SILVA SALGADO;VERA;PSTU;PSTU;1;Não Eleito;2022-10-04 12:06:36;BR;280001607831;Válido;2040602022;2022;0,0001;1148;8423008
BA;1;Presidente;27;JOSE MARIA EYMAEL;CONSTITUINTE EYMAEL;DC;DC;1;Não Eleito;2022-10-04 12:06:36;BR;280001677435;Válido;2040602022;2022;0,0001;753;8423008
CE;1;Presidente;13;LUIZ INÁCIO LULA DA SILVA;LULA;PT;Federação Brasil da Esperança - FE BRASIL(PT/PC do B/PV) / SOLIDARIEDADE / Federação PSOL REDE(PSOL/REDE) / PSB / AGIR / AVANTE / PROS;1;Segundo turno;2022-10-04 12:06:36;BR;280001607829;Válido;2040602022;2022;0,6591;3578355;5429264
CE;1;Presidente;22;JAIR MESSIAS BOLSONARO;JAIR BOLSONARO;PL;PP / REPUBLICANOS / PL;1;Segundo turno;2022-10-04 12:06:36;BR;280001618036;Válido;2040602022;2022;0,2538;1377827;5429264
CE;1;Presidente;12;CIRO FERREIRA GOMES;CIRO GOMES;PDT;PDT;1;Não Eleito;2022-10-04 12:06:36;BR;280001612393;Válido;2040602022;2022;0,068;369222;5429264
CE;1;Presidente;15;SIMONE NASSAR TEBET;SIMONE TEBET;MDB;MDB / Federação PSDB Cidadania(PSDB/CIDADANIA) / PODE;1;Não Eleito;2022-10-04 12:06:36;BR;280001607833;Válido;2040602022;2022;0,0122;66214;5429264
CE;1;Presidente;44;SORAYA VIEIRA THRONICKE;SORAYA THRONICKE;UNIÃO;UNIÃO;1;Não Eleito;2022-10-04 12:06:36;BR;280001644128;Válido;2040602022;2022;0,0045;24497;5429264
CE;1;Presidente;30;LUIZ FELIPE CHAVES D'AVILA;FELIPE D'AVILA;NOVO;NOVO;1;Não Eleito;2022-10-04 12:06:36;BR;280001603612;Válido;2040602022;2022;0,0013;7030;5429264
CE;1;Presidente;14;KELMON LUIS DA SILVA SOUZA;PADRE KELMON;PTB;PTB;1;Não Eleito;2022-10-04 12:06:36;BR;280001734029;Válido;2040602022;2022;0,0004;2278;5429264
CE;1;Presidente;21;SOFIA PADUA MANZANO;SOFIA MANZANO;PCB;PCB;1;Não Eleito;2022-10-04 12:06:36;BR;280001600167;Válido;2040602022;2022;0,0003;1579;5429264
CE;1;Presidente;80;LEONARDO PÉRICLES VIEIRA ROQUE;LÉO PÉRICLES;UP;UP;1;Não Eleito;2022-10-04 12:06:36;BR;280001602702;Válido;2040602022;2022;0,0002;1129;5429264
CE;1;Presidente;16;VERA LUCIA PEREIRA DA SILVA SALGADO;VERA;PSTU;PSTU;1;Não Eleito;2022-10-04 12:06:36;BR;280001607831;Válido;2040602022;2022;0,0001;717;5429264
CE;1;Presidente;27;JOSE MARIA EYMAEL;CONSTITUINTE EYMAEL;DC;DC;1;Não Eleito;2022-10-04 12:06:36;BR;280001677435;Válido;2040602022;2022;0,0001;416;5429264
DF;1;Presidente;22;JAIR MESSIAS BOLSONARO;JAIR BOLSONARO;PL;PP / REPUBLICANOS / PL;1;Segundo turno;2022-10-04 12:06:36;BR;280001618036;Válido;2040602022;2022;0,5165;910397;1762575
DF;1;Presidente;13;LUIZ INÁCIO LULA DA SILVA;LULA;PT;Federação Brasil da Esperança - FE BRASIL(PT/PC do B/PV) / SOLIDARIEDADE / Federação PSOL REDE(PSOL/REDE) / PSB / AGIR / AVANTE / PROS;1;Segundo turno;2022-10-04 12:06:36;BR;280001607829;Válido;2040602022;2022;0,3685;649534;1762575
DF;1;Presidente;15;SIMONE NASSAR TEBET;SIMONE TEBET;MDB;MDB / Federação PSDB Cidadania(PSDB/CIDADANIA) / PODE;1;Não Eleito;2022-10-04 12:06:36;BR;280001607833;Válido;2040602022;2022;0,0598;105377;1762575
DF;1;Presidente;12;CIRO FERREIRA GOMES;CIRO GOMES;PDT;PDT;1;Não Eleito;2022-10-04 12:06:36;BR;280001612393;Válido;2040602022;2022;0,0422;74308;1762575
DF;1;Presidente;30;LUIZ FELIPE CHAVES D'AVILA;FELIPE D'AVILA;NOVO;NOVO;1;Não Eleito;2022-10-04 12:06:36;BR;280001603612;Válido;2040602022;2022;0,0059;10342;1762575
DF;1;Presidente;44;SORAYA VIEIRA THRONICKE;SORAYA THRONICKE;UNIÃO;UNIÃO;1;Não Eleito;2022-10-04 12:06:36;BR;280001644128;Válido;2040602022;2022;0,0045;7935;1762575
DF;1;Presidente;14;KELMON LUIS DA SILVA SOUZA;PADRE KELMON;PTB;PTB;1;Não Eleito;2022-10-04 12:06:36;BR;280001734029;Válido;2040602022;2022;0,0009;1554;1762575
DF;1;Presidente;80;LEONARDO PÉRICLES VIEIRA ROQUE;LÉO PÉRICLES;UP;UP;1;Não Eleito;2022-10-04 12:06:36;BR;280001602702;Válido;2040602022;2022;0,0007;1262;1762575
DF;1;Presidente;21;SOFIA PADUA MANZANO;SOFIA MANZANO;PCB;PCB;1;Não Eleito;2022-10-04 12:06:36;BR;280001600167;Válido;2040602022;2022;0,0005;894;1762575
DF;1;Presidente;27;JOSE MARIA EYMAEL;CONSTITUINTE EYMAEL;DC;DC;1;Não Eleito;2022-10-04 12:06:36;BR;280001677435;Válido;2040602022;2022;0,0003;518;1762575
DF;1;Presidente;16;VERA LUCIA PEREIRA DA SILVA SALGADO;VERA;PSTU;PSTU;1;Não Eleito;2022-10-04 12:06:36;BR;280001607831;Válido;2040602022;2022;0,0003;454;1762575
ES;1;Presidente;22;JAIR MESSIAS BOLSONARO;JAIR BOLSONARO;PL;PP / REPUBLICANOS / PL;1;Segundo turno;2022-10-04 12:06:36;BR;280001618036;Válido;2040602022;2022;0,5223;1160030;2221130
ES;1;Presidente;13;LUIZ INÁCIO LULA DA SILVA;LULA;PT;Federação Brasil da Esperança - FE BRASIL(PT/PC do B/PV) / SOLIDARIEDADE / Federação PSOL REDE(PSOL/REDE) / PSB / AGIR / AVANTE / PROS;1;Segundo turno;2022-10-04 12:06:36;BR;280001607829;Válido;2040602022;2022;0,404;897348;2221130
ES;1;Presidente;15;SIMONE NASSAR TEBET;SIMONE TEBET;MDB;MDB / Federação PSDB Cidadania(PSDB/CIDADANIA) / PODE;1;Não Eleito;2022-10-04 12:06:36;BR;280001607833;Válido;2040602022;2022;0,0384;85325;2221130
ES;1;Presidente;12;CIRO FERREIRA GOMES;CIRO GOMES;PDT;PDT;1;Não Eleito;2022-10-04 12:06:36;BR;280001612393;Válido;2040602022;2022;0,0253;56221;2221130
ES;1;Presidente;44;SORAYA VIEIRA THRONICKE;SORAYA THRONICKE;UNIÃO;UNIÃO;1;Não Eleito;2022-10-04 12:06:36;BR;280001644128;Válido;2040602022;2022;0,0045;9944;2221130
ES;1;Presidente;30;LUIZ FELIPE CHAVES D'AVILA;FELIPE D'AVILA;NOVO;NOVO;1;Não Eleito;2022-10-04 12:06:36;BR;280001603612;Válido;2040602022;2022;0,0038;8341;2221130
ES;1;Presidente;14;KELMON LUIS DA SILVA SOUZA;PADRE KELMON;PTB;PTB;1;Não Eleito;2022-10-04 12:06:36;BR;280001734029;Válido;2040602022;2022;0,0008;1752;2221130
ES;1;Presidente;21;SOFIA PADUA MANZANO;SOFIA MANZANO;PCB;PCB;1;Não Eleito;2022-10-04 12:06:36;BR;280001600167;Válido;2040602022;2022;0,0003;683;2221130
ES;1;Presidente;80;LEONARDO PÉRICLES VIEIRA ROQUE;LÉO PÉRICLES;UP;UP;1;Não Eleito;2022-10-04 12:06:36;BR;280001602702;Válido;2040602022;2022;0,0003;672;2221130
ES;1;Presidente;16;VERA LUCIA PEREIRA DA SILVA SALGADO;VERA;PSTU;PSTU;1;Não Eleito;2022-10-04 12:06:36;BR;280001607831;Válido;2040602022;2022;0,0002;437;2221130
ES;1;Presidente;27;JOSE MARIA EYMAEL;CONSTITUINTE EYMAEL;DC;DC;1;Não Eleito;2022-10-04 12:06:36;BR;280001677435;Válido;2040602022;2022;0,0002;377;2221130
GO;1;Presidente;22;JAIR MESSIAS BOLSONARO;JAIR BOLSONARO;PL;PP / REPUBLICANOS / PL;1;Segundo turno;2022-10-04 12:06:36;BR;280001618036;Válido;2040602022;2022;0,5216;1920203;3681469
GO;1;Presidente;13;LUIZ INÁCIO LULA DA SILVA;LULA;PT;Federação Brasil da Esperança - FE BRASIL(PT/PC do B/PV) / SOLIDARIEDADE / Federação PSOL REDE(PSOL/REDE) / PSB / AGIR / AVANTE / PROS;1;Segundo turno;2022-10-04 12:06:36;BR;280001607829;Válido;2040602022;2022;0,3951;1454723;3681469
GO;1;Presidente;15;SIMONE NASSAR TEBET;SIMONE TEBET;MDB;MDB / Federação PSDB Cidadania(PSDB/CIDADANIA) / PODE;1;Não Eleito;2022-10-04 12:06:36;BR;280001607833;Válido;2040602022;2022;0,0464;170742;3681469
GO;1;Presidente;12;CIRO FERREIRA GOMES;CIRO GOMES;PDT;PDT;1;Não Eleito;2022-10-04 12:06:36;BR;280001612393;Válido;2040602022;2022;0,0246;90695;3681469
GO;1;Presidente;44;SORAYA VIEIRA THRONICKE;SORAYA THRONICKE;UNIÃO;UNIÃO;1;Não Eleito;2022-10-04 12:06:36;BR;280001644128;Válido;2040602022;2022;0,0078;28570;3681469
GO;1;Presidente;30;LUIZ FELIPE CHAVES D'AVILA;FELIPE D'AVILA;NOVO;NOVO;1;Não Eleito;2022-10-04 12:06:36;BR;280001603612;Válido;2040602022;2022;0,003;11145;3681469
GO;1;Presidente;14;KELMON LUIS DA SILVA SOUZA;PADRE KELMON;PTB;PTB;1;Não Eleito;2022-10-04 12:06:36;BR;280001734029;Válido;2040602022;2022;0,0006;2303;3681469
GO;1;Presidente;80;LEONARDO PÉRICLES VIEIRA ROQUE;LÉO PÉRICLES;UP;UP;1;Não Eleito;2022-10-04 12:06:36;BR;280001602702;Válido;2040602022;2022;0,0003;1120;3681469
GO;1;Presidente;21;SOFIA PADUA MANZANO;SOFIA MANZANO;PCB;PCB;1;Não Eleito;2022-10-04 12:06:36;BR;280001600167;Válido;2040602022;2022;0,0003;1073;3681469
GO;1;Presidente;16;VERA LUCIA PEREIRA DA SILVA SALGADO;VERA;PSTU;PSTU;1;Não Eleito;2022-10-04 12:06:36;BR;280001607831;Válido;2040602022;2022;0,0001;498;3681469
GO;1;Presidente;27;JOSE MARIA EYMAEL;CONSTITUINTE EYMAEL;DC;DC;1;Não Eleito;2022-10-04 12:06:36;BR;280001677435;Válido;2040602022;2022;0,0001;397;3681469
MA;1;Presidente;13;LUIZ INÁCIO LULA DA SILVA;LULA;PT;Federação Brasil da Esperança - FE BRASIL(PT/PC do B/PV) / SOLIDARIEDADE / Federação PSOL REDE(PSOL/REDE) / PSB / AGIR / AVANTE / PROS;1;Segundo turno;2022-10-04 12:06:36;BR;280001607829;Válido;2040602022;2022;0,6884;2603454;3781645
MA;1;Presidente;22;JAIR MESSIAS BOLSONARO;JAIR BOLSONARO;PL;PP / REPUBLICANOS / PL;1;Segundo turno;2022-10-04 12:06:36;BR;280001618036;Válido;2040602022;2022;0,2602;983861;3781645
MA;1;Presidente;12;CIRO FERREIRA GOMES;CIRO GOMES;PDT;PDT;1;Não Eleito;2022-10-04 12:06:36;BR;280001612393;Válido;2040602022;2022;0,0254;96095;3781645
MA;1;Presidente;15;SIMONE NASSAR TEBET;SIMONE TEBET;MDB;MDB / Federação PSDB Cidadania(PSDB/CIDADANIA) / PODE;1;Não Eleito;2022-10-04 12:06:36;BR;280001607833;Válido;2040602022;2022;0,0207;78254;3781645
MA;1;Presidente;44;SORAYA VIEIRA THRONICKE;SORAYA THRONICKE;UNIÃO;UNIÃO;1;Não Eleito;2022-10-04 12:06:36;BR;280001644128;Válido;2040602022;2022;0,0023;8709;3781645
MA;1;Presidente;30;LUIZ FELIPE CHAVES D'AVILA;FELIPE D'AVILA;NOVO;NOVO;1;Não Eleito;2022-10-04 12:06:36;BR;280001603612;Válido;2040602022;2022;0,0012;4368;3781645
MA;1;Presidente;14;KELMON LUIS DA SILVA SOUZA;PADRE KELMON;PTB;PTB;1;Não Eleito;2022-10-04 12:06:36;BR;280001734029;Válido;2040602022;2022;0,0012;4357;3781645
MA;1;Presidente;16;VERA LUCIA PEREIRA DA SILVA SALGADO;VERA;PSTU;PSTU;1;Não Eleito;2022-10-04 12:06:36;BR;280001607831;Válido;2040602022;2022;0,0002;799;3781645
MA;1;Presidente;21;SOFIA PADUA MANZANO;SOFIA MANZANO;PCB;PCB;1;Não Eleito;2022-10-04 12:06:36;BR;280001600167;Válido;2040602022;2022;0,0002;727;3781645
MA;1;Presidente;80;LEONARDO PÉRICLES VIEIRA ROQUE;LÉO PÉRICLES;UP;UP;1;Não Eleito;2022-10-04 12:06:36;BR;280001602702;Válido;2040602022;2022;0,0002;630;3781645
MA;1;Presidente;27;JOSE MARIA EYMAEL;CONSTITUINTE EYMAEL;DC;DC;1;Não Eleito;2022-10-04 12:06:36;BR;280001677435;Válido;2040602022;2022;0,0001;391;3781645
MG;1;Presidente;13;LUIZ INÁCIO LULA DA SILVA;LULA;PT;Federação Brasil da Esperança - FE BRASIL(PT/PC do B/PV) / SOLIDARIEDADE / Federação PSOL REDE(PSOL/REDE) / PSB / AGIR / AVANTE / PROS;1;Segundo turno;2022-10-04 12:06:36;BR;280001607829;Válido;2040602022;2022;0,4829;5802571;12016633
MG;1;Presidente;22;JAIR MESSIAS BOLSONARO;JAIR BOLSONARO;PL;PP / REPUBLICANOS / PL;1;Segundo turno;2022-10-04 12:06:36;BR;280001618036;Válido;2040602022;2022;0,436;5239264;12016633
MG;1;Presidente;15;SIMONE NASSAR TEBET;SIMONE TEBET;MDB;MDB / Federação PSDB Cidadania(PSDB/CIDADANIA) / PODE;1;Não Eleito;2022-10-04 12:06:36;BR;280001607833;Válido;2040602022;2022;0,0417;500658;12016633
MG;1;Presidente;12;CIRO FERREIRA GOMES;CIRO GOMES;PDT;PDT;1;Não Eleito;2022-10-04 12:06:36;BR;280001612393;Válido;2040602022;2022;0,0258;310324;12016633
MG;1;Presidente;30;LUIZ FELIPE CHAVES D'AVILA;FELIPE D'AVILA;NOVO;NOVO;1;Não Eleito;2022-10-04 12:06:36;BR;280001603612;Válido;2040602022;2022;0,0082;98526;12016633
MG;1;Presidente;44;SORAYA VIEIRA THRONICKE;SORAYA THRONICKE;UNIÃO;UNIÃO;1;Não Eleito;2022-10-04 12:06:36;BR;280001644128;Válido;2040602022;2022;0,0037;44109;12016633
MG;1;Presidente;14;KELMON LUIS DA SILVA SOUZA;PADRE KELMON;PTB;PTB;1;Não Eleito;2022-10-04 12:06:36;BR;280001734029;Válido;2040602022;2022;0,0006;7309;12016633
MG;1;Presidente;80;LEONARDO PÉRICLES VIEIRA ROQUE;LÉO PÉRICLES;UP;UP;1;Não Eleito;2022-10-04 12:06:36;BR;280001602702;Válido;2040602022;2022;0,0004;5241;12016633
MG;1;Presidente;21;SOFIA PADUA MANZANO;SOFIA MANZANO;PCB;PCB;1;Não Eleito;2022-10-04 12:06:36;BR;280001600167;Válido;2040602022;2022;0,0004;4431;12016633
MG;1;Presidente;16;VERA LUCIA PEREIRA DA SILVA SALGADO;VERA;PSTU;PSTU;1;Não Eleito;2022-10-04 12:06:36;BR;280001607831;Válido;2040602022;2022;0,0002;2612;12016633
MG;1;Presidente;27;JOSE MARIA EYMAEL;CONSTITUINTE EYMAEL;DC;DC;1;Não Eleito;2022-10-04 12:06:36;BR;280001677435;Válido;2040602022;2022;0,0001;1588;12016633
MS;1;Presidente;22;JAIR MESSIAS BOLSONARO;JAIR BOLSONARO;PL;PP / REPUBLICANOS / PL;1;Segundo turno;2022-10-04 12:06:36;BR;280001618036;Válido;2040602022;2022;0,527;794206;1506989
MS;1;Presidente;13;LUIZ INÁCIO LULA DA SILVA;LULA;PT;Federação Brasil da Esperança - FE BRASIL(PT/PC do B/PV) / SOLIDARIEDADE / Federação PSOL REDE(PSOL/REDE) / PSB / AGIR / AVANTE / PROS;1;Segundo turno;2022-10-04 12:06:36;BR;280001607829;Válido;2040602022;2022;0,3904;588323;1506989
MS;1;Presidente;15;SIMONE NASSAR TEBET;SIMONE TEBET;MDB;MDB / Federação PSDB Cidadania(PSDB/CIDADANIA) / PODE;1;Não Eleito;2022-10-04 12:06:36;BR;280001607833;Válido;2040602022;2022;0,0529;79719;1506989
MS;1;Presidente;12;CIRO FERREIRA GOMES;CIRO GOMES;PDT;PDT;1;Não Eleito;2022-10-04 12:06:36;BR;280001612393;Válido;2040602022;2022;0,0195;29314;1506989
MS;1;Presidente;44;SORAYA VIEIRA THRONICKE;SORAYA THRONICKE;UNIÃO;UNIÃO;1;Não Eleito;2022-10-04 12:06:36;BR;280001644128;Válido;2040602022;2022;0,0054;8082;1506989
MS;1;Presidente;30;LUIZ FELIPE CHAVES D'AVILA;FELIPE D'AVILA;NOVO;NOVO;1;Não Eleito;2022-10-04 12:06:36;BR;280001603612;Válido;2040602022;2022;0,0034;5193;1506989
MS;1;Presidente;14;KELMON LUIS DA SILVA SOUZA;PADRE KELMON;PTB;PTB;1;Não Eleito;2022-10-04 12:06:36;BR;280001734029;Válido;2040602022;2022;0,0007;1057;1506989
MS;1;Presidente;21;SOFIA PADUA MANZANO;SOFIA MANZANO;PCB;PCB;1;Não Eleito;2022-10-04 12:06:36;BR;280001600167;Válido;2040602022;2022;0,0002;371;1506989
MS;1;Presidente;80;LEONARDO PÉRICLES VIEIRA ROQUE;LÉO PÉRICLES;UP;UP;1;Não Eleito;2022-10-04 12:06:36;BR;280001602702;Válido;2040602022;2022;0,0002;350;1506989
MS;1;Presidente;16;VERA LUCIA PEREIRA DA SILVA SALGADO;VERA;PSTU;PSTU;1;Não Eleito;2022-10-04 12:06:36;BR;280001607831;Válido;2040602022;2022;0,0001;222;1506989
MS;1;Presidente;27;JOSE MARIA EYMAEL;CONSTITUINTE EYMAEL;DC;DC;1;Não Eleito;2022-10-04 12:06:36;BR;280001677435;Válido;2040602022;2022;0,0001;152;1506989
MT;1;Presidente;22;JAIR MESSIAS BOLSONARO;JAIR BOLSONARO;PL;PP / REPUBLICANOS / PL;1;Segundo turno;2022-10-04 12:06:36;BR;280001618036;Válido;2040602022;2022;0,5984;1102866;1842888
MT;1;Presidente;13;LUIZ INÁCIO LULA DA SILVA;LULA;PT;Federação Brasil da Esperança - FE BRASIL(PT/PC do B/PV) / SOLIDARIEDADE / Federação PSOL REDE(PSOL/REDE) / PSB / AGIR / AVANTE / PROS;1;Segundo turno;2022-10-04 12:06:36;BR;280001607829;Válido;2040602022;2022;0,3439;633748;1842888
MT;1;Presidente;15;SIMONE NASSAR TEBET;SIMONE TEBET;MDB;MDB / Federação PSDB Cidadania(PSDB/CIDADANIA) / PODE;1;Não Eleito;2022-10-04 12:06:36;BR;280001607833;Válido;2040602022;2022;0,0304;55989;1842888
MT;1;Presidente;12;CIRO FERREIRA GOMES;CIRO GOMES;PDT;PDT;1;Não Eleito;2022-10-04 12:06:36;BR;280001612393;Válido;2040602022;2022;0,016;29437;1842888
MT;1;Presidente;44;SORAYA VIEIRA THRONICKE;SORAYA THRONICKE;UNIÃO;UNIÃO;1;Não Eleito;2022-10-04 12:06:36;BR;280001644128;Válido;2040602022;2022;0,0069;12715;1842888
MT;1;Presidente;30;LUIZ FELIPE CHAVES D'AVILA;FELIPE D'AVILA;NOVO;NOVO;1;Não Eleito;2022-10-04 12:06:36;BR;280001603612;Válido;2040602022;2022;0,0024;4371;1842888
MT;1;Presidente;14;KELMON LUIS DA SILVA SOUZA;PADRE KELMON;PTB;PTB;1;Não Eleito;2022-10-04 12:06:36;BR;280001734029;Válido;2040602022;2022;0,0014;2545;1842888
MT;1;Presidente;21;SOFIA PADUA MANZANO;SOFIA MANZANO;PCB;PCB;1;Não Eleito;2022-10-04 12:06:36;BR;280001600167;Válido;2040602022;2022;0,0002;406;1842888
MT;1;Presidente;80;LEONARDO PÉRICLES VIEIRA ROQUE;LÉO PÉRICLES;UP;UP;1;Não Eleito;2022-10-04 12:06:36;BR;280001602702;Válido;2040602022;2022;0,0002;366;1842888
MT;1;Presidente;16;VERA LUCIA PEREIRA DA SILVA SALGADO;VERA;PSTU;PSTU;1;Não Eleito;2022-10-04 12:06:36;BR;280001607831;Válido;2040602022;2022;0,0001;250;1842888
MT;1;Presidente;27;JOSE MARIA EYMAEL;CONSTITUINTE EYMAEL;DC;DC;1;Não Eleito;2022-10-04 12:06:36;BR;280001677435;Válido;2040602022;2022;0,0001;195;1842888
PA;1;Presidente;13;LUIZ INÁCIO LULA DA SILVA;LULA;PT;Federação Brasil da Esperança - FE BRASIL(PT/PC do B/PV) / SOLIDARIEDADE / Federação PSOL REDE(PSOL/REDE) / PSB / AGIR / AVANTE / PROS;1;Segundo turno;2022-10-04 12:06:36;BR;280001607829;Válido;2040602022;2022;0,5222;2443730;4679936
PA;1;Presidente;22;JAIR MESSIAS BOLSONARO;JAIR BOLSONARO;PL;PP / REPUBLICANOS / PL;1;Segundo turno;2022-10-04 12:06:36;BR;280001618036;Válido;2040602022;2022;0,4027;1884673;4679936
PA;1;Presidente;15;SIMONE NASSAR TEBET;SIMONE TEBET;MDB;MDB / Federação PSDB Cidadania(PSDB/CIDADANIA) / PODE;1;Não Eleito;2022-10-04 12:06:36;BR;280001607833;Válido;2040602022;2022;0,0436;204075;4679936
PA;1;Presidente;12;CIRO FERREIRA GOMES;CIRO GOMES;PDT;PDT;1;Não Eleito;2022-10-04 12:06:36;BR;280001612393;Válido;2040602022;2022;0,0248;116057;4679936
PA;1;Presidente;44;SORAYA VIEIRA THRONICKE;SORAYA THRONICKE;UNIÃO;UNIÃO;1;Não Eleito;2022-10-04 12:06:36;BR;280001644128;Válido;2040602022;2022;0,0041;19297;4679936
PA;1;Presidente;30;LUIZ FELIPE CHAVES D'AVILA;FELIPE D'AVILA;NOVO;NOVO;1;Não Eleito;2022-10-04 12:06:36;BR;280001603612;Válido;2040602022;2022;0,0013;6130;4679936
PA;1;Presidente;14;KELMON LUIS DA SILVA SOUZA;PADRE KELMON;PTB;PTB;1;Não Eleito;2022-10-04 12:06:36;BR;280001734029;Válido;2040602022;2022;0,0006;2783;4679936
PA;1;Presidente;80;LEONARDO PÉRICLES VIEIRA ROQUE;LÉO PÉRICLES;UP;UP;1;Não Eleito;2022-10-04 12:06:36;BR;280001602702;Válido;2040602022;2022;0,0002;1004;4679936
PA;1;Presidente;21;SOFIA PADUA MANZANO;SOFIA MANZANO;PCB;PCB;1;Não Eleito;2022-10-04 12:06:36;BR;280001600167;Válido;2040602022;2022;0,0002;920;4679936
PA;1;Presidente;16;VERA LUCIA PEREIRA DA SILVA SALGADO;VERA;PSTU;PSTU;1;Não Eleito;2022-10-04 12:06:36;BR;280001607831;Válido;2040602022;2022;0,0002;918;4679936
PA;1;Presidente;27;JOSE MARIA EYMAEL;CONSTITUINTE EYMAEL;DC;DC;1;Não Eleito;2022-10-04 12:06:36;BR;280001677435;Válido;2040602022;2022;0,0001;349;4679936
PB;1;Presidente;13;LUIZ INÁCIO LULA DA SILVA;LULA;PT;Federação Brasil da Esperança - FE BRASIL(PT/PC do B/PV) / SOLIDARIEDADE / Federação PSOL REDE(PSOL/REDE) / PSB / AGIR / AVANTE / PROS;1;Segundo turno;2022-10-04 12:06:36;BR;280001607829;Válido;2040602022;2022;0,6421;1554868;2421688
PB;1;Presidente;22;JAIR MESSIAS BOLSONARO;JAIR BOLSONARO;PL;PP / REPUBLICANOS / PL;1;Segundo turno;2022-10-04 12:06:36;BR;280001618036;Válido;2040602022;2022;0,2962;717416;2421688
PB;1;Presidente;12;CIRO FERREIRA GOMES;CIRO GOMES;PDT;PDT;1;Não Eleito;2022-10-04 12:06:36;BR;280001612393;Válido;2040602022;2022;0,0315;76225;2421688
PB;1;Presidente;15;SIMONE NASSAR TEBET;SIMONE TEBET;MDB;MDB / Federação PSDB Cidadania(PSDB/CIDADANIA) / PODE;1;Não Eleito;2022-10-04 12:06:36;BR;280001607833;Válido;2040602022;2022;0,0236;57154;2421688
PB;1;Presidente;44;SORAYA VIEIRA THRONICKE;SORAYA THRONICKE;UNIÃO;UNIÃO;1;Não Eleito;2022-10-04 12:06:36;BR;280001644128;Válido;2040602022;2022;0,0036;8713;2421688
PB;1;Presidente;30;LUIZ FELIPE CHAVES D'AVILA;FELIPE D'AVILA;NOVO;NOVO;1;Não Eleito;2022-10-04 12:06:36;BR;280001603612;Válido;2040602022;2022;0,0017;3996;2421688
PB;1;Presidente;14;KELMON LUIS DA SILVA SOUZA;PADRE KELMON;PTB;PTB;1;Não Eleito;2022-10-04 12:06:36;BR;280001734029;Válido;2040602022;2022;0,0006;1489;2421688
PB;1;Presidente;21;SOFIA PADUA MANZANO;SOFIA MANZANO;PCB;PCB;1;Não Eleito;2022-10-04 12:06:36;BR;280001600167;Válido;2040602022;2022;0,0003;634;2421688
PB;1;Presidente;80;LEONARDO PÉRICLES VIEIRA ROQUE;LÉO PÉRICLES;UP;UP;1;Não Eleito;2022-10-04 12:06:36;BR;280001602702;Válido;2040602022;2022;0,0002;578;2421688
PB;1;Presidente;16;VERA LUCIA PEREIRA DA SILVA SALGADO;VERA;PSTU;PSTU;1;Não Eleito;2022-10-04 12:06:36;BR;280001607831;Válido;2040602022;2022;0,0001;332;2421688
PB;1;Presidente;27;JOSE MARIA EYMAEL;CONSTITUINTE EYMAEL;DC;DC;1;Não Eleito;2022-10-04 12:06:36;BR;280001677435;Válido;2040602022;2022;0,0001;283;2421688
PE;1;Presidente;13;LUIZ INÁCIO LULA DA SILVA;LULA;PT;Federação Brasil da Esperança - FE BRASIL(PT/PC do B/PV) / SOLIDARIEDADE / Federação PSOL REDE(PSOL/REDE) / PSB / AGIR / AVANTE / PROS;1;Segundo turno;2022-10-04 12:06:36;BR;280001607829;Válido;2040602022;2022;0,6527;3558322;5452009
PE;1;Presidente;22;JAIR MESSIAS BOLSONARO;JAIR BOLSONARO;PL;PP / REPUBLICANOS / PL;1;Segundo turno;2022-10-04 12:06:36;BR;280001618036;Válido;2040602022;2022;0,2991;1630938;5452009
PE;1;Presidente;12;CIRO FERREIRA GOMES;CIRO GOMES;PDT;PDT;1;Não Eleito;2022-10-04 12:06:36;BR;280001612393;Válido;2040602022;2022;0,0238;130015;5452009
PE;1;Presidente;15;SIMONE NASSAR TEBET;SIMONE TEBET;MDB;MDB / Federação PSDB Cidadania(PSDB/CIDADANIA) / PODE;1;Não Eleito;2022-10-04 12:06:36;BR;280001607833;Válido;2040602022;2022;0,0177;96570;5452009
PE;1;Presidente;44;SORAYA VIEIRA THRONICKE;SORAYA THRONICKE;UNIÃO;UNIÃO;1;Não Eleito;2022-10-04 12:06:36;BR;280001644128;Válido;2040602022;2022;0,0038;20686;5452009
PE;1;Presidente;30;LUIZ FELIPE CHAVES D'AVILA;FELIPE D'AVILA;NOVO;NOVO;1;Não Eleito;2022-10-04 12:06:36;BR;280001603612;Válido;2040602022;2022;0,0016;8633;5452009
PE;1;Presidente;14;KELMON LUIS DA SILVA SOUZA;PADRE KELMON;PTB;PTB;1;Não Eleito;2022-10-04 12:06:36;BR;280001734029;Válido;2040602022;2022;0,0005;2991;5452009
PE;1;Presidente;21;SOFIA PADUA MANZANO;SOFIA MANZANO;PCB;PCB;1;Não Eleito;2022-10-04 12:06:36;BR;280001600167;Válido;2040602022;2022;0,0003;1419;5452009
PE;1;Presidente;80;LEONARDO PÉRICLES VIEIRA ROQUE;LÉO PÉRICLES;UP;UP;1;Não Eleito;2022-10-04 12:06:36;BR;280001602702;Válido;2040602022;2022;0,0002;1214;5452009
PE;1;Presidente;16;VERA LUCIA PEREIRA DA SILVA SALGADO;VERA;PSTU;PSTU;1;Não Eleito;2022-10-04 12:06:36;BR;280001607831;Válido;2040602022;2022;0,0001;765;5452009
PE;1;Presidente;27;JOSE MARIA EYMAEL;CONSTITUINTE EYMAEL;DC;DC;1;Não Eleito;2022-10-04 12:06:36;BR;280001677435;Válido;2040602022;2022;0,0001;456;5452009
PI;1;Presidente;13;LUIZ INÁCIO LULA DA SILVA;LULA;PT;Federação Brasil da Esperança - FE BRASIL(PT/PC do B/PV) / SOLIDARIEDADE / Federação PSOL REDE(PSOL/REDE) / PSB / AGIR / AVANTE / PROS;1;Segundo turno;2022-10-04 12:06:36;BR;280001607829;Válido;2040602022;2022;0,7425;1518008;2044386
PI;1;Presidente;22;JAIR MESSIAS BOLSONARO;JAIR BOLSONARO;PL;PP / REPUBLICANOS / PL;1;Segundo turno;2022-10-04 12:06:36;BR;280001618036;Válido;2040602022;2022;0,199;406897;2044386
PI;1;Presidente;12;CIRO FERREIRA GOMES;CIRO GOMES;PDT;PDT;1;Não Eleito;2022-10-04 12:06:36;BR;280001612393;Válido;2040602022;2022;0,029;59321;2044386
PI;1;Presidente;15;SIMONE NASSAR TEBET;SIMONE TEBET;MDB;MDB / Federação PSDB Cidadania(PSDB/CIDADANIA) / PODE;1;Não Eleito;2022-10-04 12:06:36;BR;280001607833;Válido;2040602022;2022;0,0206;42179;2044386
PI;1;Presidente;44;SORAYA VIEIRA THRONICKE;SORAYA THRONICKE;UNIÃO;UNIÃO;1;Não Eleito;2022-10-04 12:06:36;BR;280001644128;Válido;2040602022;2022;0,0064;13053;2044386
PI;1;Presidente;30;LUIZ FELIPE CHAVES D'AVILA;FELIPE D'AVILA;NOVO;NOVO;1;Não Eleito;2022-10-04 12:06:36;BR;280001603612;Válido;2040602022;2022;0,0013;2562;2044386
PI;1;Presidente;14;KELMON LUIS DA SILVA SOUZA;PADRE KELMON;PTB;PTB;1;Não Eleito;2022-10-04 12:06:36;BR;280001734029;Válido;2040602022;2022;0,0005;1122;2044386
PI;1;Presidente;21;SOFIA PADUA MANZANO;SOFIA MANZANO;PCB;PCB;1;Não Eleito;2022-10-04 12:06:36;BR;280001600167;Válido;2040602022;2022;0,0002;427;2044386
PI;1;Presidente;80;LEONARDO PÉRICLES VIEIRA ROQUE;LÉO PÉRICLES;UP;UP;1;Não Eleito;2022-10-04 12:06:36;BR;280001602702;Válido;2040602022;2022;0,0002;350;2044386
PI;1;Presidente;16;VERA LUCIA PEREIRA DA SILVA SALGADO;VERA;PSTU;PSTU;1;Não Eleito;2022-10-04 12:06:36;BR;280001607831;Válido;2040602022;2022;0,0002;317;2044386
PI;1;Presidente;27;JOSE MARIA EYMAEL;CONSTITUINTE EYMAEL;DC;DC;1;Não Eleito;2022-10-04 12:06:36;BR;280001677435;Válido;2040602022;2022;0,0001;150;2044386
PR;1;Presidente;22;JAIR MESSIAS BOLSONARO;JAIR BOLSONARO;PL;PP / REPUBLICANOS / PL;1;Segundo turno;2022-10-04 12:06:36;BR;280001618036;Válido;2040602022;2022;0,5526;3628612;6566764
PR;1;Presidente;13;LUIZ INÁCIO LULA DA SILVA;LULA;PT;Federação Brasil da Esperança - FE BRASIL(PT/PC do B/PV) / SOLIDARIEDADE / Federação PSOL REDE(PSOL/REDE) / PSB / AGIR / AVANTE / PROS;1;Segundo turno;2022-10-04 12:06:36;BR;280001607829;Válido;2040602022;2022;0,3599;2363492;6566764
PR;1;Presidente;15;SIMONE NASSAR TEBET;SIMONE TEBET;MDB;MDB / Federação PSDB Cidadania(PSDB/CIDADANIA) / PODE;1;Não Eleito;2022-10-04 12:06:36;BR;280001607833;Válido;2040602022;2022;0,0472;309685;6566764
PR;1;Presidente;12;CIRO FERREIRA GOMES;CIRO GOMES;PDT;PDT;1;Não Eleito;2022-10-04 12:06:36;BR;280001612393;Válido;2040602022;2022;0,0275;180599;6566764
PR;1;Presidente;30;LUIZ FELIPE CHAVES D'AVILA;FELIPE D'AVILA;NOVO;NOVO;1;Não Eleito;2022-10-04 12:06:36;BR;280001603612;Válido;2040602022;2022;0,0058;37983;6566764
PR;1;Presidente;44;SORAYA VIEIRA THRONICKE;SORAYA THRONICKE;UNIÃO;UNIÃO;1;Não Eleito;2022-10-04 12:06:36;BR;280001644128;Válido;2040602022;2022;0,0052;34125;6566764
PR;1;Presidente;14;KELMON LUIS DA SILVA SOUZA;PADRE KELMON;PTB;PTB;1;Não Eleito;2022-10-04 12:06:36;BR;280001734029;Válido;2040602022;2022;0,0008;5161;6566764
PR;1;Presidente;21;SOFIA PADUA MANZANO;SOFIA MANZANO;PCB;PCB;1;Não Eleito;2022-10-04 12:06:36;BR;280001600167;Válido;2040602022;2022;0,0004;2744;6566764
PR;1;Presidente;80;LEONARDO PÉRICLES VIEIRA ROQUE;LÉO PÉRICLES;UP;UP;1;Não Eleito;2022-10-04 12:06:36;BR;280001602702;Válido;2040602022;2022;0,0003;2089;6566764
PR;1;Presidente;16;VERA LUCIA PEREIRA DA SILVA SALGADO;VERA;PSTU;PSTU;1;Não Eleito;2022-10-04 12:06:36;BR;280001607831;Válido;2040602022;2022;0,0002;1170;6566764
PR;1;Presidente;27;JOSE MARIA EYMAEL;CONSTITUINTE EYMAEL;DC;DC;1;Não Eleito;2022-10-04 12:06:36;BR;280001677435;Válido;2040602022;2022;0,0002;1104;6566764
RJ;1;Presidente;22;JAIR MESSIAS BOLSONARO;JAIR BOLSONARO;PL;PP / REPUBLICANOS / PL;1;Segundo turno;2022-10-04 12:06:36;BR;280001618036;Válido;2040602022;2022;0,5109;4831246;9456677
RJ;1;Presidente;13;LUIZ INÁCIO LULA DA SILVA;LULA;PT;Federação Brasil da Esperança - FE BRASIL(PT/PC do B/PV) / SOLIDARIEDADE / Federação PSOL REDE(PSOL/REDE) / PSB / AGIR / AVANTE / PROS;1;Segundo turno;2022-10-04 12:06:36;BR;280001607829;Válido;2040602022;2022;0,4068;3847143;9456677
RJ;1;Presidente;15;SIMONE NASSAR TEBET;SIMONE TEBET;MDB;MDB / Federação PSDB Cidadania(PSDB/CIDADANIA) / PODE;1;Não Eleito;2022-10-04 12:06:36;BR;280001607833;Válido;2040602022;2022;0,0387;365969;9456677
RJ;1;Presidente;12;CIRO FERREIRA GOMES;CIRO GOMES;PDT;PDT;1;Não Eleito;2022-10-04 12:06:36;BR;280001612393;Válido;2040602022;2022;0,0319;301489;9456677
RJ;1;Presidente;44;SORAYA VIEIRA THRONICKE;SORAYA THRONICKE;UNIÃO;UNIÃO;1;Não Eleito;2022-10-04 12:06:36;BR;280001644128;Válido;2040602022;2022;0,0047;44252;9456677
RJ;1;Presidente;30;LUIZ FELIPE CHAVES D'AVILA;FELIPE D'AVILA;NOVO;NOVO;1;Não Eleito;2022-10-04 12:06:36;BR;280001603612;Válido;2040602022;2022;0,0046;43091;9456677
RJ;1;Presidente;14;KELMON LUIS DA SILVA SOUZA;PADRE KELMON;PTB;PTB;1;Não Eleito;2022-10-04 12:06:36;BR;280001734029;Válido;2040602022;2022;0,0008;7760;9456677
RJ;1;Presidente;80;LEONARDO PÉRICLES VIEIRA ROQUE;LÉO PÉRICLES;UP;UP;1;Não Eleito;2022-10-04 12:06:36;BR;280001602702;Válido;2040602022;2022;0,0007;7080;9456677
RJ;1;Presidente;21;SOFIA PADUA MANZANO;SOFIA MANZANO;PCB;PCB;1;Não Eleito;2022-10-04 12:06:36;BR;280001600167;Válido;2040602022;2022;0,0005;4458;9456677
RJ;1;Presidente;16;VERA LUCIA PEREIRA DA SILVA SALGADO;VERA;PSTU;PSTU;1;Não Eleito;2022-10-04 12:06:36;BR;280001607831;Válido;2040602022;2022;0,0003;2643;9456677
RJ;1;Presidente;27;JOSE MARIA EYMAEL;CONSTITUINTE EYMAEL;DC;DC;1;Não Eleito;2022-10-04 12:06:36;BR;280001677435;Válido;2040602022;2022;0,0002;1546;9456677
RN;1;Presidente;13;LUIZ INÁCIO LULA DA SILVA;LULA;PT;Federação Brasil da Esperança - FE BRASIL(PT/PC do B/PV) / SOLIDARIEDADE / Federação PSOL REDE(PSOL/REDE) / PSB / AGIR / AVANTE / PROS;1;Segundo turno;2022-10-04 12:06:36;BR;280001607829;Válido;2040602022;2022;0,6298;1264179;2007264
RN;1;Presidente;22;JAIR MESSIAS BOLSONARO;JAIR BOLSONARO;PL;PP / REPUBLICANOS / PL;1;Segundo turno;2022-10-04 12:06:36;BR;280001618036;Válido;2040602022;2022;0,3102;622731;2007264
RN;1;Presidente;12;CIRO FERREIRA GOMES;CIRO GOMES;PDT;PDT;1;Não Eleito;2022-10-04 12:06:36;BR;280001612393;Válido;2040602022;2022;0,0357;71740;2007264
RN;1;Presidente;15;SIMONE NASSAR TEBET;SIMONE TEBET;MDB;MDB / Federação PSDB Cidadania(PSDB/CIDADANIA) / PODE;1;Não Eleito;2022-10-04 12:06:36;BR;280001607833;Válido;2040602022;2022;0,0192;38633;2007264
RN;1;Presidente;44;SORAYA VIEIRA THRONICKE;SORAYA THRONICKE;UNIÃO;UNIÃO;1;Não Eleito;2022-10-04 12:06:36;BR;280001644128;Válido;2040602022;2022;0,0022;4326;2007264
RN;1;Presidente;30;LUIZ FELIPE CHAVES D'AVILA;FELIPE D'AVILA;NOVO;NOVO;1;Não Eleito;2022-10-04 12:06:36;BR;280001603612;Válido;2040602022;2022;0,0015;2937;2007264
RN;1;Presidente;14;KELMON LUIS DA SILVA SOUZA;PADRE KELMON;PTB;PTB;1;Não Eleito;2022-10-04 12:06:36;BR;280001734029;Válido;2040602022;2022;0,0004;860;2007264
RN;1;Presidente;21;SOFIA PADUA MANZANO;SOFIA MANZANO;PCB;PCB;1;Não Eleito;2022-10-04 12:06:36;BR;280001600167;Válido;2040602022;2022;0,0003;606;2007264
RN;1;Presidente;80;LEONARDO PÉRICLES VIEIRA ROQUE;LÉO PÉRICLES;UP;UP;1;Não Eleito;2022-10-04 12:06:36;BR;280001602702;Válido;2040602022;2022;0,0003;587;2007264
RN;1;Presidente;16;VERA LUCIA PEREIRA DA SILVA SALGADO;VERA;PSTU;PSTU;1;Não Eleito;2022-10-04 12:06:36;BR;280001607831;Válido;2040602022;2022;0,0002;422;2007264
RN;1;Presidente;27;JOSE MARIA EYMAEL;CONSTITUINTE EYMAEL;DC;DC;1;Não Eleito;2022-10-04 12:06:36;BR;280001677435;Válido;2040602022;2022;0,0001;243;2007264
RO;1;Presidente;22;JAIR MESSIAS BOLSONARO;JAIR BOLSONARO;PL;PP / REPUBLICANOS / PL;1;Segundo turno;2022-10-04 12:06:36;BR;280001618036;Válido;2040602022;2022;0,6436;581306;903235
RO;1;Presidente;13;LUIZ INÁCIO LULA DA SILVA;LULA;PT;Federação Brasil da Esperança - FE BRASIL(PT/PC do B/PV) / SOLIDARIEDADE / Federação PSOL REDE(PSOL/REDE) / PSB / AGIR / AVANTE / PROS;1;Segundo turno;2022-10-04 12:06:36;BR;280001607829;Válido;2040602022;2022;0,2898;261749;903235
RO;1;Presidente;15;SIMONE NASSAR TEBET;SIMONE TEBET;MDB;MDB / Federação PSDB Cidadania(PSDB/CIDADANIA) / PODE;1;Não Eleito;2022-10-04 12:06:36;BR;280001607833;Válido;2040602022;2022;0,0346;31217;903235
RO;1;Presidente;12;CIRO FERREIRA GOMES;CIRO GOMES;PDT;PDT;1;Não Eleito;2022-10-04 12:06:36;BR;280001612393;Válido;2040602022;2022;0,0214;19353;903235
RO;1;Presidente;44;SORAYA VIEIRA THRONICKE;SORAYA THRONICKE;UNIÃO;UNIÃO;1;Não Eleito;2022-10-04 12:06:36;BR;280001644128;Válido;2040602022;2022;0,0064;5777;903235
RO;1;Presidente;30;LUIZ FELIPE CHAVES D'AVILA;FELIPE D'AVILA;NOVO;NOVO;1;Não Eleito;2022-10-04 12:06:36;BR;280001603612;Válido;2040602022;2022;0,0027;2398;903235
RO;1;Presidente;14;KELMON LUIS DA SILVA SOUZA;PADRE KELMON;PTB;PTB;1;Não Eleito;2022-10-04 12:06:36;BR;280001734029;Válido;2040602022;2022;0,0008;749;903235
RO;1;Presidente;21;SOFIA PADUA MANZANO;SOFIA MANZANO;PCB;PCB;1;Não Eleito;2022-10-04 12:06:36;BR;280001600167;Válido;2040602022;2022;0,0003;232;903235
RO;1;Presidente;80;LEONARDO PÉRICLES VIEIRA ROQUE;LÉO PÉRICLES;UP;UP;1;Não Eleito;2022-10-04 12:06:36;BR;280001602702;Válido;2040602022;2022;0,0002;204;903235
RO;1;Presidente;16;VERA LUCIA PEREIRA DA SILVA SALGADO;VERA;PSTU;PSTU;1;Não Eleito;2022-10-04 12:06:36;BR;280001607831;Válido;2040602022;2022;0,0002;139;903235
RO;1;Presidente;27;JOSE MARIA EYMAEL;CONSTITUINTE EYMAEL;DC;DC;1;Não Eleito;2022-10-04 12:06:36;BR;280001677435;Válido;2040602022;2022;0,0001;111;903235
RR;1;Presidente;22;JAIR MESSIAS BOLSONARO;JAIR BOLSONARO;PL;PP / REPUBLICANOS / PL;1;Segundo turno;2022-10-04 12:06:36;BR;280001618036;Válido;2040602022;2022;0,6957;207587;298369
RR;1;Presidente;13;LUIZ INÁCIO LULA DA SILVA;LULA;PT;Federação Brasil da Esperança - FE BRASIL(PT/PC do B/PV) / SOLIDARIEDADE / Federação PSOL REDE(PSOL/REDE) / PSB / AGIR / AVANTE / PROS;1;Segundo turno;2022-10-04 12:06:36;BR;280001607829;Válido;2040602022;2022;0,2305;68760;298369
RR;1;Presidente;15;SIMONE NASSAR TEBET;SIMONE TEBET;MDB;MDB / Federação PSDB Cidadania(PSDB/CIDADANIA) / PODE;1;Não Eleito;2022-10-04 12:06:36;BR;280001607833;Válido;2040602022;2022;0,0434;12956;298369
RR;1;Presidente;12;CIRO FERREIRA GOMES;CIRO GOMES;PDT;PDT;1;Não Eleito;2022-10-04 12:06:36;BR;280001612393;Válido;2040602022;2022;0,0225;6709;298369
RR;1;Presidente;44;SORAYA VIEIRA THRONICKE;SORAYA THRONICKE;UNIÃO;UNIÃO;1;Não Eleito;2022-10-04 12:06:36;BR;280001644128;Válido;2040602022;2022;0,0038;1138;298369
RR;1;Presidente;30;LUIZ FELIPE CHAVES D'AVILA;FELIPE D'AVILA;NOVO;NOVO;1;Não Eleito;2022-10-04 12:06:36;BR;280001603612;Válido;2040602022;2022;0,0027;794;298369
RR;1;Presidente;14;KELMON LUIS DA SILVA SOUZA;PADRE KELMON;PTB;PTB;1;Não Eleito;2022-10-04 12:06:36;BR;280001734029;Válido;2040602022;2022;0,0006;190;298369
RR;1;Presidente;16;VERA LUCIA PEREIRA DA SILVA SALGADO;VERA;PSTU;PSTU;1;Não Eleito;2022-10-04 12:06:36;BR;280001607831;Válido;2040602022;2022;0,0003;75;298369
RR;1;Presidente;21;SOFIA PADUA MANZANO;SOFIA MANZANO;PCB;PCB;1;Não Eleito;2022-10-04 12:06:36;BR;280001600167;Válido;2040602022;2022;0,0002;64;298369
RR;1;Presidente;80;LEONARDO PÉRICLES VIEIRA ROQUE;LÉO PÉRICLES;UP;UP;1;Não Eleito;2022-10-04 12:06:36;BR;280001602702;Válido;2040602022;2022;0,0002;59;298369
RR;1;Presidente;27;JOSE MARIA EYMAEL;CONSTITUINTE EYMAEL;DC;DC;1;Não Eleito;2022-10-04 12:06:36;BR;280001677435;Válido;2040602022;2022;0,0001;37;298369
RS;1;Presidente;22;JAIR MESSIAS BOLSONARO;JAIR BOLSONARO;PL;PP / REPUBLICANOS / PL;1;Segundo turno;2022-10-04 12:06:36;BR;280001618036;Válido;2040602022;2022;0,4889;3245023;6637752
RS;1;Presidente;13;LUIZ INÁCIO LULA DA SILVA;LULA;PT;Federação Brasil da Esperança - FE BRASIL(PT/PC do B/PV) / SOLIDARIEDADE / Federação PSOL REDE(PSOL/REDE) / PSB / AGIR / AVANTE / PROS;1;Segundo turno;2022-10-04 12:06:36;BR;280001607829;Válido;2040602022;2022;0,4228;2806672;6637752
RS;1;Presidente;15;SIMONE NASSAR TEBET;SIMONE TEBET;MDB;MDB / Federação PSDB Cidadania(PSDB/CIDADANIA) / PODE;1;Não Eleito;2022-10-04 12:06:36;BR;280001607833;Válido;2040602022;2022;0,0479;317957;6637752
RS;1;Presidente;12;CIRO FERREIRA GOMES;CIRO GOMES;PDT;PDT;1;Não Eleito;2022-10-04 12:06:36;BR;280001612393;Válido;2040602022;2022;0,0288;190945;6637752
RS;1;Presidente;30;LUIZ FELIPE CHAVES D'AVILA;FELIPE D'AVILA;NOVO;NOVO;1;Não Eleito;2022-10-04 12:06:36;BR;280001603612;Válido;2040602022;2022;0,0061;40601;6637752
RS;1;Presidente;44;SORAYA VIEIRA THRONICKE;SORAYA THRONICKE;UNIÃO;UNIÃO;1;Não Eleito;2022-10-04 12:06:36;BR;280001644128;Válido;2040602022;2022;0,0038;25207;6637752
RS;1;Presidente;14;KELMON LUIS DA SILVA SOUZA;PADRE KELMON;PTB;PTB;1;Não Eleito;2022-10-04 12:06:36;BR;280001734029;Válido;2040602022;2022;0,0007;4394;6637752
RS;1;Presidente;21;SOFIA PADUA MANZANO;SOFIA MANZANO;PCB;PCB;1;Não Eleito;2022-10-04 12:06:36;BR;280001600167;Válido;2040602022;2022;0,0004;2399;6637752
RS;1;Presidente;80;LEONARDO PÉRICLES VIEIRA ROQUE;LÉO PÉRICLES;UP;UP;1;Não Eleito;2022-10-04 12:06:36;BR;280001602702;Válido;2040602022;2022;0,0004;2332;6637752
RS;1;Presidente;16;VERA LUCIA PEREIRA DA SILVA SALGADO;VERA;PSTU;PSTU;1;Não Eleito;2022-10-04 12:06:36;BR;280001607831;Válido;2040602022;2022;0,0002;1337;6637752
RS;1;Presidente;27;JOSE MARIA EYMAEL;CONSTITUINTE EYMAEL;DC;DC;1;Não Eleito;2022-10-04 12:06:36;BR;280001677435;Válido;2040602022;2022;0,0001;885;6637752
SC;1;Presidente;22;JAIR MESSIAS BOLSONARO;JAIR BOLSONARO;PL;PP / REPUBLICANOS / PL;1;Segundo turno;2022-10-04 12:06:36;BR;280001618036;Válido;2040602022;2022;0,6221;2694406;4330984
SC;1;Presidente;13;LUIZ INÁCIO LULA DA SILVA;LULA;PT;Federação Brasil da Esperança - FE BRASIL(PT/PC do B/PV) / SOLIDARIEDADE / Federação PSOL REDE(PSOL/REDE) / PSB / AGIR / AVANTE / PROS;1;Segundo turno;2022-10-04 12:06:36;BR;280001607829;Válido;2040602022;2022;0,2954;1279216;4330984
SC;1;Presidente;15;SIMONE NASSAR TEBET;SIMONE TEBET;MDB;MDB / Federação PSDB Cidadania(PSDB/CIDADANIA) / PODE;1;Não Eleito;2022-10-04 12:06:36;BR;280001607833;Válido;2040602022;2022;0,0442;191310;4330984
SC;1;Presidente;12;CIRO FERREIRA GOMES;CIRO GOMES;PDT;PDT;1;Não Eleito;2022-10-04 12:06:36;BR;280001612393;Válido;2040602022;2022;0,0205;88672;4330984
SC;1;Presidente;30;LUIZ FELIPE CHAVES D'AVILA;FELIPE D'AVILA;NOVO;NOVO;1;Não Eleito;2022-10-04 12:06:36;BR;280001603612;Válido;2040602022;2022;0,0113;48980;4330984
SC;1;Presidente;44;SORAYA VIEIRA THRONICKE;SORAYA THRONICKE;UNIÃO;UNIÃO;1;Não Eleito;2022-10-04 12:06:36;BR;280001644128;Válido;2040602022;2022;0,0046;20132;4330984
SC;1;Presidente;14;KELMON LUIS DA SILVA SOUZA;PADRE KELMON;PTB;PTB;1;Não Eleito;2022-10-04 12:06:36;BR;280001734029;Válido;2040602022;2022;0,0008;3369;4330984
SC;1;Presidente;21;SOFIA PADUA MANZANO;SOFIA MANZANO;PCB;PCB;1;Não Eleito;2022-10-04 12:06:36;BR;280001600167;Válido;2040602022;2022;0,0004;1812;4330984
SC;1;Presidente;80;LEONARDO PÉRICLES VIEIRA ROQUE;LÉO PÉRICLES;UP;UP;1;Não Eleito;2022-10-04 12:06:36;BR;280001602702;Válido;2040602022;2022;0,0004;1682;4330984
SC;1;Presidente;16;VERA LUCIA PEREIRA DA SILVA SALGADO;VERA;PSTU;PSTU;1;Não Eleito;2022-10-04 12:06:36;BR;280001607831;Válido;2040602022;2022;0,0002;838;4330984
SC;1;Presidente;27;JOSE MARIA EYMAEL;CONSTITUINTE EYMAEL;DC;DC;1;Não Eleito;2022-10-04 12:06:36;BR;280001677435;Válido;2040602022;2022;0,0001;567;4330984
SE;1;Presidente;13;LUIZ INÁCIO LULA DA SILVA;LULA;PT;Federação Brasil da Esperança - FE BRASIL(PT/PC do B/PV) / SOLIDARIEDADE / Federação PSOL REDE(PSOL/REDE) / PSB / AGIR / AVANTE / PROS;1;Segundo turno;2022-10-04 12:06:36;BR;280001607829;Válido;2040602022;2022;0,6382;828716;1298432
SE;1;Presidente;22;JAIR MESSIAS BOLSONARO;JAIR BOLSONARO;PL;PP / REPUBLICANOS / PL;1;Segundo turno;2022-10-04 12:06:36;BR;280001618036;Válido;2040602022;2022;0,2916;378610;1298432
SE;1;Presidente;15;SIMONE NASSAR TEBET;SIMONE TEBET;MDB;MDB / Federação PSDB Cidadania(PSDB/CIDADANIA) / PODE;1;Não Eleito;2022-10-04 12:06:36;BR;280001607833;Válido;2040602022;2022;0,0324;42073;1298432
SE;1;Presidente;12;CIRO FERREIRA GOMES;CIRO GOMES;PDT;PDT;1;Não Eleito;2022-10-04 12:06:36;BR;280001612393;Válido;2040602022;2022;0,031;40247;1298432
SE;1;Presidente;44;SORAYA VIEIRA THRONICKE;SORAYA THRONICKE;UNIÃO;UNIÃO;1;Não Eleito;2022-10-04 12:06:36;BR;280001644128;Válido;2040602022;2022;0,0034;4416;1298432
SE;1;Presidente;30;LUIZ FELIPE CHAVES D'AVILA;FELIPE D'AVILA;NOVO;NOVO;1;Não Eleito;2022-10-04 12:06:36;BR;280001603612;Válido;2040602022;2022;0,0017;2194;1298432
SE;1;Presidente;14;KELMON LUIS DA SILVA SOUZA;PADRE KELMON;PTB;PTB;1;Não Eleito;2022-10-04 12:06:36;BR;280001734029;Válido;2040602022;2022;0,0005;631;1298432
SE;1;Presidente;16;VERA LUCIA PEREIRA DA SILVA SALGADO;VERA;PSTU;PSTU;1;Não Eleito;2022-10-04 12:06:36;BR;280001607831;Válido;2040602022;2022;0,0005;589;1298432
SE;1;Presidente;80;LEONARDO PÉRICLES VIEIRA ROQUE;LÉO PÉRICLES;UP;UP;1;Não Eleito;2022-10-04 12:06:36;BR;280001602702;Válido;2040602022;2022;0,0003;396;1298432
SE;1;Presidente;21;SOFIA PADUA MANZANO;SOFIA MANZANO;PCB;PCB;1;Não Eleito;2022-10-04 12:06:36;BR;280001600167;Válido;2040602022;2022;0,0003;364;1298432
SE;1;Presidente;27;JOSE MARIA EYMAEL;CONSTITUINTE EYMAEL;DC;DC;1;Não Eleito;2022-10-04 12:06:36;BR;280001677435;Válido;2040602022;2022;0,0002;196;1298432
SP;1;Presidente;22;JAIR MESSIAS BOLSONARO;JAIR BOLSONARO;PL;PP / REPUBLICANOS / PL;1;Segundo turno;2022-10-04 12:06:36;BR;280001618036;Válido;2040602022;2022;0,4771;12239989;25656334
SP;1;Presidente;13;LUIZ INÁCIO LULA DA SILVA;LULA;PT;Federação Brasil da Esperança - FE BRASIL(PT/PC do B/PV) / SOLIDARIEDADE / Federação PSOL REDE(PSOL/REDE) / PSB / AGIR / AVANTE / PROS;1;Segundo turno;2022-10-04 12:06:36;BR;280001607829;Válido;2040602022;2022;0,4089;10490032;25656334
SP;1;Presidente;15;SIMONE NASSAR TEBET;SIMONE TEBET;MDB;MDB / Federação PSDB Cidadania(PSDB/CIDADANIA) / PODE;1;Não Eleito;2022-10-04 12:06:36;BR;280001607833;Válido;2040602022;2022;0,0634;1625596;25656334
SP;1;Presidente;12;CIRO FERREIRA GOMES;CIRO GOMES;PDT;PDT;1;Não Eleito;2022-10-04 12:06:36;BR;280001612393;Válido;2040602022;2022;0,035;898540;25656334
SP;1;Presidente;30;LUIZ FELIPE CHAVES D'AVILA;FELIPE D'AVILA;NOVO;NOVO;1;Não Eleito;2022-10-04 12:06:36;BR;280001603612;Válido;2040602022;2022;0,0072;183719;25656334
SP;1;Presidente;44;SORAYA VIEIRA THRONICKE;SORAYA THRONICKE;UNIÃO;UNIÃO;1;Não Eleito;2022-10-04 12:06:36;BR;280001644128;Válido;2040602022;2022;0,006;153601;25656334
SP;1;Presidente;80;LEONARDO PÉRICLES VIEIRA ROQUE;LÉO PÉRICLES;UP;UP;1;Não Eleito;2022-10-04 12:06:36;BR;280001602702;Válido;2040602022;2022;0,0008;21665;25656334
SP;1;Presidente;14;KELMON LUIS DA SILVA SOUZA;PADRE KELMON;PTB;PTB;1;Não Eleito;2022-10-04 12:06:36;BR;280001734029;Válido;2040602022;2022;0,0006;15784;25656334
SP;1;Presidente;21;SOFIA PADUA MANZANO;SOFIA MANZANO;PCB;PCB;1;Não Eleito;2022-10-04 12:06:36;BR;280001600167;Válido;2040602022;2022;0,0006;14943;25656334
SP;1;Presidente;16;VERA LUCIA PEREIRA DA SILVA SALGADO;VERA;PSTU;PSTU;1;Não Eleito;2022-10-04 12:06:36;BR;280001607831;Válido;2040602022;2022;0,0003;7450;25656334
SP;1;Presidente;27;JOSE MARIA EYMAEL;CONSTITUINTE EYMAEL;DC;DC;1;Não Eleito;2022-10-04 12:06:36;BR;280001677435;Válido;2040602022;2022;0,0002;5015;25656334
TO;1;Presidente;13;LUIZ INÁCIO LULA DA SILVA;LULA;PT;Federação Brasil da Esperança - FE BRASIL(PT/PC do B/PV) / SOLIDARIEDADE / Federação PSOL REDE(PSOL/REDE) / PSB / AGIR / AVANTE / PROS;1;Segundo turno;2022-10-04 12:06:36;BR;280001607829;Válido;2040602022;2022;0,504;434303;861792
TO;1;Presidente;22;JAIR MESSIAS BOLSONARO;JAIR BOLSONARO;PL;PP / REPUBLICANOS / PL;1;Segundo turno;2022-10-04 12:06:36;BR;280001618036;Válido;2040602022;2022;0,44;379194;861792
TO;1;Presidente;15;SIMONE NASSAR TEBET;SIMONE TEBET;MDB;MDB / Federação PSDB Cidadania(PSDB/CIDADANIA) / PODE;1;Não Eleito;2022-10-04 12:06:36;BR;280001607833;Válido;2040602022;2022;0,0293;25209;861792
TO;1;Presidente;12;CIRO FERREIRA GOMES;CIRO GOMES;PDT;PDT;1;Não Eleito;2022-10-04 12:06:36;BR;280001612393;Válido;2040602022;2022;0,0211;18141;861792
TO;1;Presidente;44;SORAYA VIEIRA THRONICKE;SORAYA THRONICKE;UNIÃO;UNIÃO;1;Não Eleito;2022-10-04 12:06:36;BR;280001644128;Válido;2040602022;2022;0,0032;2788;861792
TO;1;Presidente;30;LUIZ FELIPE CHAVES D'AVILA;FELIPE D'AVILA;NOVO;NOVO;1;Não Eleito;2022-10-04 12:06:36;BR;280001603612;Válido;2040602022;2022;0,0015;1266;861792
TO;1;Presidente;14;KELMON LUIS DA SILVA SOUZA;PADRE KELMON;PTB;PTB;1;Não Eleito;2022-10-04 12:06:36;BR;280001734029;Válido;2040602022;2022;0,0005;418;861792
TO;1;Presidente;21;SOFIA PADUA MANZANO;SOFIA MANZANO;PCB;PCB;1;Não Eleito;2022-10-04 12:06:36;BR;280001600167;Válido;2040602022;2022;0,0002;149;861792
TO;1;Presidente;80;LEONARDO PÉRICLES VIEIRA ROQUE;LÉO PÉRICLES;UP;UP;1;Não Eleito;2022-10-04 12:06:36;BR;280001602702;Válido;2040602022;2022;0,0001;129;861792
TO;1;Presidente;27;JOSE MARIA EYMAEL;CONSTITUINTE EYMAEL;DC;DC;1;Não Eleito;2022-10-04 12:06:36;BR;280001677435;Válido;2040602022;2022;0,0001;105;861792
TO;1;Presidente;16;VERA LUCIA PEREIRA DA SILVA SALGADO;VERA;PSTU;PSTU;1;Não Eleito;2022-10-04 12:06:36;BR;280001607831;Válido;2040602022;2022;0,0001;90;861792
ZZ;1;Presidente;13;LUIZ INÁCIO LULA DA SILVA;LULA;PT;Federação Brasil da Esperança - FE BRASIL(PT/PC do B/PV) / SOLIDARIEDADE / Federação PSOL REDE(PSOL/REDE) / PSB / AGIR / AVANTE / PROS;1;Segundo turno;2022-10-04 12:06:36;BR;280001607829;Válido;2040602022;2022;0,4717;138933;294525
ZZ;1;Presidente;22;JAIR MESSIAS BOLSONARO;JAIR BOLSONARO;PL;PP / REPUBLICANOS / PL;1;Segundo turno;2022-10-04 12:06:36;BR;280001618036;Válido;2040602022;2022;0,4161;122548;294525
ZZ;1;Presidente;12;CIRO FERREIRA GOMES;CIRO GOMES;PDT;PDT;1;Não Eleito;2022-10-04 12:06:36;BR;280001612393;Válido;2040602022;2022;0,0453;13341;294525
ZZ;1;Presidente;15;SIMONE NASSAR TEBET;SIMONE TEBET;MDB;MDB / Federação PSDB Cidadania(PSDB/CIDADANIA) / PODE;1;Não Eleito;2022-10-04 12:06:36;BR;280001607833;Válido;2040602022;2022;0,0447;13167;294525
ZZ;1;Presidente;30;LUIZ FELIPE CHAVES D'AVILA;FELIPE D'AVILA;NOVO;NOVO;1;Não Eleito;2022-10-04 12:06:36;BR;280001603612;Válido;2040602022;2022;0,0128;3780;294525
ZZ;1;Presidente;44;SORAYA VIEIRA THRONICKE;SORAYA THRONICKE;UNIÃO;UNIÃO;1;Não Eleito;2022-10-04 12:06:36;BR;280001644128;Válido;2040602022;2022;0,0026;753;294525
ZZ;1;Presidente;21;SOFIA PADUA MANZANO;SOFIA MANZANO;PCB;PCB;1;Não Eleito;2022-10-04 12:06:36;BR;280001600167;Válido;2040602022;2022;0,0021;618;294525
ZZ;1;Presidente;16;VERA LUCIA PEREIRA DA SILVA SALGADO;VERA;PSTU;PSTU;1;Não Eleito;2022-10-04 12:06:36;BR;280001607831;Válido;2040602022;2022;0,0016;464;294525
ZZ;1;Presidente;14;KELMON LUIS DA SILVA SOUZA;PADRE KELMON;PTB;PTB;1;Não Eleito;2022-10-04 12:06:36;BR;280001734029;Válido;2040602022;2022;0,0012;344;294525
ZZ;1;Presidente;80;LEONARDO PÉRICLES VIEIRA ROQUE;LÉO PÉRICLES;UP;UP;1;Não Eleito;2022-10-04 12:06:36;BR;280001602702;Válido;2040602022;2022;0,0011;319;294525
ZZ;1;Presidente;27;JOSE MARIA EYMAEL;CONSTITUINTE EYMAEL;DC;DC;1;Não Eleito;2022-10-04 12:06:36;BR;280001677435;Válido;2040602022;2022;0,0009;258;294525
